{"cameraMode":{"drawMode":0,"name":"Shaded","section":"Shading Mode"},"sceneLighting":true,"audioPlay":false,"sceneViewState":{"showFog":true,"showMaterialUpdate":true,"showSkybox":true,"showFlares":true,"showImageEffects":true,"showParticleSystems":true},"in2DMode":false,"pivot":{"x":1.903951644897461,"y":0.3438030481338501,"z":0.18059492111206056},"rotation":{"x":0.042080435901880267,"y":0.9541905522346497,"z":-0.16182954609394074,"w":0.2481200397014618},"size":1.3442394733428956,"orthographic":false}