{"cameraMode":{"drawMode":0,"name":"Shaded","section":"Shading Mode"},"sceneLighting":true,"audioPlay":false,"sceneViewState":{"showFog":true,"showMaterialUpdate":true,"showSkybox":true,"showFlares":true,"showImageEffects":true,"showParticleSystems":true},"in2DMode":false,"pivot":{"x":-101.22767639160156,"y":76.27212524414063,"z":-13.007545471191407},"rotation":{"x":0.1060866117477417,"y":0.23859365284442902,"z":-0.02623097226023674,"w":0.9649515151977539},"size":290.68157958984377,"orthographic":true}