{"cameraMode":{"drawMode":0,"name":"Shaded","section":"Shading Mode"},"sceneLighting":false,"audioPlay":false,"sceneViewState":{"showFog":true,"showMaterialUpdate":true,"showSkybox":false,"showFlares":true,"showImageEffects":true,"showParticleSystems":true},"in2DMode":false,"pivot":{"x":0.13910770416259767,"y":5.79249906539917,"z":-0.5904107093811035},"rotation":{"x":-0.11013832688331604,"y":0.6825533509254456,"z":-0.10535740852355957,"w":-0.7148663401603699},"size":7.477787971496582,"orthographic":false}